sequence,label
AAAAAGCCTGTGAAGCACAGAGAGCAGCCAGCCAGAGCTGATGCTCAATGGCAGAAACTGCTTAGTCACGCTGAAAGGGAGCCAAGGCAATAGCAGAGTGG,1
ACCTGCTAACAATTAAGGCCTCCAGGTCTACCCTGCAGCTGGGCCTGAGGAGGTCCTCTTGAAAGGAGTGGGTAACAGCGCACTATTGAGGGCCTGTGAAG,0
ACTGACCATGTGCATCCTCACTGATACCAGTCTTGCCACAGTGTGCCTTGGAAACTCTTTCACAGGCAGTTATGGTCCCTACAGATAGGGGGCAGAGTATG,0
ATATTACTCAACCGCCTAACAGAACAAAAGCATTCTTGGCTTGATCTCTAGAGTCCCTTTGAACAATTGGGACGATGTTCACCGAACTCTGATAAGCTAGC,0
CAACCATCCTACTTGCTCGTGGGCTAGCTGCGGGCGCGTCGCGAGCTCGTGAAGCTGACATGGCTTTCCGAGGGCACAACACGAGAACTGAATCTTGCCTT,0
TCCATGTGTCATCATGGACAGGCTTGTAATGCTTCTCGGGCTTTCACATCCCCACATACTGCAGAGAGTAGTCCAAATTCTTGGGAGATTCCGTATAATAA,0
CTGAGAGGAAAAGGCCCTGAAGAACTGGGAATGCTGAGTCAGCTTTCCAGAAGTTCTGTTGTAGAGCGGTGCACAGCAGCGAGCATAGCTAGGTTTTTAGA,1
ACATCAGGGTGAATGTTGAGGAGTTTAATTATTTTGCTTGGTGACAGTGAGATGTTCACAGTATCAGTTAGTGTGCTTGGAATAGCGCTCCCATGAGATGG,0
TCAGACTAAGTGCCAGTTCTGTGAGTGAATGTTCAATGACTGAGGTGCACATTATTTGCCATATCTACTGAAAAGCAATGCTATCTTTCCGCTTCTGAGGA,0
GTTGGGAACCCCAGCTGACTACTTAAGTCTCCCCATTAATTTCTGCTTGATCGGCAGTTTTTAACCTGTGGCCTTAACCTTCAGGCTTTGCATAGTAAATA,1
TCCATGTGTCATCATGGACAGGCTTGTAATGCTTCTCGGGCTTTCACATCCCCACATACTGCAGAGAGTAGTCCAAATTCTTGGGAGATTCCGTATAATAA,0
CTGAGAGGAAAAGGCCCTGAAGAACTGGGAATGCTGAGTCAGCTTTCCAGAAGTTCTGTTGTAGAGCGGTGCACAGCAGCGAGCATAGCTAGGTTTTTAGA,1
ACATCAGGGTGAATGTTGAGGAGTTTAATTATTTTGCTTGGTGACAGTGAGATGTTCACAGTATCAGTTAGTGTGCTTGGAATAGCGCTCCCATGAGATGG,0
TCAGACTAAGTGCCAGTTCTGTGAGTGAATGTTCAATGACTGAGGTGCACATTATTTGCCATATCTACTGAAAAGCAATGCTATCTTTCCGCTTCTGAGGA,0
GTTGGGAACCCCAGCTGACTACTTAAGTCTCCCCATTAATTTCTGCTTGATCGGCAGTTTTTAACCTGTGGCCTTAACCTTCAGGCTTTGCATAGTAAATA,1
